HashTag,CreatedTime,LastModifiedTime,State
freshers,2021-05-12 04:09:36,2021-05-12 04:09:36,Follow
fresher,2021-05-12 04:09:01,2021-05-12 04:09:01,Follow
opportunities,2021-05-12 04:08:43,2021-05-12 04:08:43,Follow
hiring,2021-05-12 04:08:34,2021-05-12 04:08:34,Follow
recruitment,2021-05-12 04:08:20,2021-05-12 04:08:20,Follow
india,2016-08-06 06:51:01,2016-08-06 06:51:01,Follow
creativity,2014-08-13 17:10:11,2014-08-13 17:10:11,Follow
future,2014-08-13 17:10:11,2014-08-13 17:10:11,Follow
innovation,2014-08-13 17:10:11,2014-08-13 17:10:11,Follow
management,2014-08-13 17:10:09,2014-08-13 17:10:09,Follow
futurism,2014-08-13 17:10:09,2014-08-13 17:10:09,Follow
economics,2014-08-13 17:10:09,2014-08-13 17:10:09,Follow
markets,2014-08-13 17:10:09,2014-08-13 17:10:09,Follow
humanresources,2014-08-13 17:10:09,2014-08-13 17:10:09,Follow
economy,2014-08-13 17:10:09,2014-08-13 17:10:09,Follow
macroeconomics,2014-08-13 17:10:09,2014-08-13 17:10:09,Follow
technology,2014-08-13 17:10:09,2014-08-13 17:10:09,Follow
